-- phpMyAdmin SQL Dump
-- version 5.2.0
-- https://www.phpmyadmin.net/
--
-- Хост: 127.0.0.1:3306
-- Час створення: Лис 03 2024 р., 21:47
-- Версія сервера: 10.8.4-MariaDB-log
-- Версія PHP: 8.1.9

SET SQL_MODE = "NO_AUTO_VALUE_ON_ZERO";
START TRANSACTION;
SET time_zone = "+00:00";


/*!40101 SET @OLD_CHARACTER_SET_CLIENT=@@CHARACTER_SET_CLIENT */;
/*!40101 SET @OLD_CHARACTER_SET_RESULTS=@@CHARACTER_SET_RESULTS */;
/*!40101 SET @OLD_COLLATION_CONNECTION=@@COLLATION_CONNECTION */;
/*!40101 SET NAMES utf8mb4 */;

--
-- База даних: `artesa_test`
--

-- --------------------------------------------------------

--
-- Структура таблиці `categories`
--

CREATE TABLE `categories` (
  `id` bigint(20) UNSIGNED NOT NULL,
  `name` varchar(255) COLLATE utf8mb4_unicode_ci NOT NULL,
  `parent` bigint(20) UNSIGNED DEFAULT NULL,
  `depth` varchar(255) COLLATE utf8mb4_unicode_ci NOT NULL,
  `created_at` timestamp NULL DEFAULT NULL,
  `updated_at` timestamp NULL DEFAULT NULL
) ENGINE=InnoDB DEFAULT CHARSET=utf8mb4 COLLATE=utf8mb4_unicode_ci;

--
-- Дамп даних таблиці `categories`
--

INSERT INTO `categories` (`id`, `name`, `parent`, `depth`, `created_at`, `updated_at`) VALUES
(1, 'Electronics', NULL, '0', '2024-11-01 19:18:04', '2024-11-01 19:18:04'),
(2, 'Clothing', NULL, '0', '2024-11-01 19:18:04', '2024-11-01 19:18:04'),
(3, 'Home & Kitchen', NULL, '0', '2024-11-01 19:18:04', '2024-11-01 19:18:04'),
(4, 'Mobile Phones', 1, '1', '2024-11-01 19:18:04', '2024-11-01 19:18:04'),
(5, 'Laptops', 1, '1', '2024-11-01 19:18:04', '2024-11-01 19:18:04'),
(6, 'Men\'s Clothing', 2, '1', '2024-11-01 19:18:04', '2024-11-01 19:18:04'),
(7, 'Women\'s Clothing', 2, '1', '2024-11-01 19:18:04', '2024-11-01 19:18:04'),
(8, 'Furniture', 3, '1', '2024-11-01 19:18:04', '2024-11-01 19:18:04'),
(9, 'Kitchen Appliances', 3, '1', '2024-11-01 19:18:04', '2024-11-01 19:18:04'),
(10, 'Smartphones', 4, '2', '2024-11-01 19:18:04', '2024-11-01 19:18:04'),
(11, 'Feature Phones', 4, '2', '2024-11-01 19:18:04', '2024-11-01 19:18:04'),
(12, 'Gaming Laptops', 5, '2', '2024-11-01 19:18:04', '2024-11-01 19:18:04'),
(13, 'Business Laptops', 5, '2', '2024-11-01 19:18:04', '2024-11-01 19:18:04'),
(14, 'T-Shirts', 6, '2', '2024-11-01 19:18:04', '2024-11-01 19:18:04'),
(15, 'Jeans', 6, '2', '2024-11-01 19:18:04', '2024-11-01 19:18:04'),
(16, 'Dresses', 7, '2', '2024-11-01 19:18:04', '2024-11-01 19:18:04'),
(17, 'Tops', 7, '2', '2024-11-01 19:18:04', '2024-11-01 19:18:04'),
(18, 'Sofas', 8, '2', '2024-11-01 19:18:04', '2024-11-01 19:18:04'),
(19, 'Beds', 8, '2', '2024-11-01 19:18:04', '2024-11-01 19:18:04'),
(20, 'Cookware', 9, '2', '2024-11-01 19:18:04', '2024-11-01 19:18:04'),
(21, 'Blenders', 9, '2', '2024-11-01 19:18:04', '2024-11-01 19:18:04'),
(22, 'Android Phones', 10, '3', '2024-11-01 19:18:04', '2024-11-01 19:18:04'),
(24, 'Casual T-Shirts', 13, '3', '2024-11-01 19:18:04', '2024-11-01 19:18:04'),
(25, 'Formal T-Shirts', 13, '3', '2024-11-01 19:18:04', '2024-11-01 19:18:04'),
(26, 'Mini Blenders', 19, '3', '2024-11-01 19:18:04', '2024-11-01 19:18:04'),
(27, 'Professional Blenders', 19, '3', '2024-11-01 19:18:04', '2024-11-01 19:18:04'),
(28, 'Samsung', 21, '4', '2024-11-01 19:18:04', '2024-11-01 19:18:04'),
(29, 'Apple', 10, '4', '2024-11-01 19:18:04', '2024-11-01 19:18:04'),
(30, 'Portable Blenders', 19, '4', '2024-11-01 19:18:04', '2024-11-01 19:18:04'),
(31, 'Countertop Blenders', 19, '4', '2024-11-01 19:18:04', '2024-11-01 19:18:04');

-- --------------------------------------------------------

--
-- Структура таблиці `category_product`
--

CREATE TABLE `category_product` (
  `products_id` bigint(20) UNSIGNED NOT NULL,
  `categories_id` bigint(20) UNSIGNED NOT NULL
) ENGINE=InnoDB DEFAULT CHARSET=utf8mb4 COLLATE=utf8mb4_unicode_ci;

--
-- Дамп даних таблиці `category_product`
--

INSERT INTO `category_product` (`products_id`, `categories_id`) VALUES
(170, 4),
(170, 20),
(170, 28),
(170, 31),
(171, 10),
(171, 24),
(171, 28),
(172, 6),
(172, 30),
(173, 9),
(173, 11),
(173, 17),
(173, 19),
(174, 17),
(174, 21),
(175, 4),
(175, 7),
(175, 19),
(175, 20),
(176, 2),
(176, 11),
(176, 18),
(176, 25),
(177, 2),
(177, 9),
(177, 12),
(177, 20),
(177, 22),
(178, 4),
(178, 5),
(178, 28),
(179, 31),
(180, 2),
(180, 12),
(180, 16),
(180, 28),
(180, 30),
(181, 17),
(182, 13),
(182, 14),
(182, 18),
(182, 26),
(182, 30),
(183, 11),
(183, 12),
(183, 15),
(183, 25),
(183, 31),
(184, 7),
(184, 14),
(184, 27),
(185, 6),
(185, 13),
(185, 17),
(186, 5),
(187, 7),
(187, 8),
(187, 12),
(187, 20),
(188, 2),
(188, 13),
(188, 14),
(188, 15),
(188, 18),
(189, 1),
(189, 19),
(189, 24),
(190, 20),
(190, 27),
(190, 28),
(190, 31),
(191, 3),
(191, 8),
(191, 13),
(192, 8),
(192, 11),
(193, 7),
(193, 8),
(193, 15),
(193, 20),
(193, 25),
(194, 19),
(194, 22),
(195, 5),
(195, 19),
(196, 4),
(196, 8),
(196, 27),
(197, 9),
(197, 31),
(198, 7),
(198, 20),
(199, 19),
(200, 16),
(200, 17),
(200, 24),
(201, 1),
(201, 21),
(202, 2),
(202, 6),
(202, 12),
(202, 13),
(202, 21),
(203, 3),
(203, 8),
(203, 15),
(203, 16),
(203, 22),
(204, 3),
(204, 4),
(204, 8),
(204, 15),
(204, 18),
(205, 11),
(205, 18),
(206, 1),
(206, 18),
(206, 21),
(207, 5),
(207, 26),
(208, 11),
(208, 15),
(208, 18),
(208, 25),
(208, 29),
(209, 17),
(209, 29),
(210, 4),
(210, 5),
(210, 7),
(210, 28),
(211, 3),
(211, 11),
(211, 22),
(211, 24),
(211, 30),
(212, 4),
(212, 15),
(213, 15),
(214, 2),
(214, 5),
(214, 16),
(214, 26),
(214, 31),
(215, 6),
(215, 9),
(215, 12),
(215, 20),
(215, 31),
(216, 26),
(216, 27),
(217, 14),
(217, 18),
(217, 25),
(218, 11),
(219, 4),
(219, 16),
(219, 29),
(219, 31),
(220, 5),
(220, 8),
(220, 10),
(220, 14),
(220, 28),
(221, 27),
(221, 30),
(222, 22),
(222, 25),
(223, 7),
(223, 12),
(223, 15),
(223, 30),
(224, 8),
(224, 28),
(225, 3),
(225, 15),
(226, 7),
(226, 13),
(226, 20),
(226, 21),
(227, 21),
(228, 26),
(229, 7),
(229, 20),
(230, 1),
(230, 9),
(230, 29),
(231, 4),
(231, 10),
(232, 14),
(232, 15),
(232, 20),
(232, 24),
(232, 30),
(233, 20),
(234, 2),
(234, 7),
(234, 20),
(234, 25),
(235, 7),
(235, 8),
(236, 15),
(236, 18),
(237, 4),
(237, 10),
(237, 29),
(238, 12),
(238, 18),
(238, 24),
(238, 27),
(239, 4),
(239, 7),
(239, 13),
(239, 20),
(239, 30),
(240, 4),
(240, 20),
(240, 25),
(240, 30),
(241, 10),
(241, 18),
(242, 2),
(242, 6),
(242, 11),
(242, 19),
(242, 30),
(243, 7),
(243, 11),
(243, 16),
(243, 20),
(244, 29),
(245, 29),
(246, 20),
(247, 11),
(248, 5),
(249, 7),
(250, 6),
(250, 19),
(250, 27),
(250, 28),
(251, 6),
(251, 17),
(251, 18),
(252, 6),
(253, 9),
(253, 10),
(253, 13),
(253, 26),
(253, 29),
(254, 4),
(254, 11),
(254, 22),
(255, 5),
(255, 13),
(256, 3),
(256, 7),
(256, 8),
(257, 18),
(258, 22),
(259, 2),
(259, 5),
(259, 17),
(259, 25),
(259, 27),
(260, 1),
(260, 5),
(260, 26),
(260, 29),
(261, 20),
(262, 22),
(262, 31),
(263, 17),
(263, 19),
(263, 21),
(264, 6),
(265, 7),
(265, 13),
(266, 1),
(266, 3),
(266, 19),
(266, 22),
(267, 19),
(267, 27),
(267, 30),
(268, 18),
(268, 25),
(269, 7),
(269, 24),
(269, 27),
(270, 5),
(270, 7),
(270, 12),
(270, 18),
(270, 29),
(271, 19),
(271, 21);

-- --------------------------------------------------------

--
-- Структура таблиці `failed_jobs`
--

CREATE TABLE `failed_jobs` (
  `id` bigint(20) UNSIGNED NOT NULL,
  `uuid` varchar(255) COLLATE utf8mb4_unicode_ci NOT NULL,
  `connection` text COLLATE utf8mb4_unicode_ci NOT NULL,
  `queue` text COLLATE utf8mb4_unicode_ci NOT NULL,
  `payload` longtext COLLATE utf8mb4_unicode_ci NOT NULL,
  `exception` longtext COLLATE utf8mb4_unicode_ci NOT NULL,
  `failed_at` timestamp NOT NULL DEFAULT current_timestamp()
) ENGINE=InnoDB DEFAULT CHARSET=utf8mb4 COLLATE=utf8mb4_unicode_ci;

-- --------------------------------------------------------

--
-- Структура таблиці `migrations`
--

CREATE TABLE `migrations` (
  `id` int(10) UNSIGNED NOT NULL,
  `migration` varchar(255) COLLATE utf8mb4_unicode_ci NOT NULL,
  `batch` int(11) NOT NULL
) ENGINE=InnoDB DEFAULT CHARSET=utf8mb4 COLLATE=utf8mb4_unicode_ci;

--
-- Дамп даних таблиці `migrations`
--

INSERT INTO `migrations` (`id`, `migration`, `batch`) VALUES
(1, '2014_10_12_000000_create_users_table', 1),
(2, '2014_10_12_100000_create_password_reset_tokens_table', 1),
(3, '2019_08_19_000000_create_failed_jobs_table', 1),
(4, '2019_12_14_000001_create_personal_access_tokens_table', 1),
(5, '2024_11_01_220652_create_categories_table', 2),
(7, '2024_11_01_232915_create_products_table', 3),
(10, '2024_11_01_232935_create_category_product_table', 4),
(11, '2024_11_02_193623_create_tags_table', 5),
(12, '2024_11_02_193634_create_products_tags_table', 5);

-- --------------------------------------------------------

--
-- Структура таблиці `password_reset_tokens`
--

CREATE TABLE `password_reset_tokens` (
  `email` varchar(255) COLLATE utf8mb4_unicode_ci NOT NULL,
  `token` varchar(255) COLLATE utf8mb4_unicode_ci NOT NULL,
  `created_at` timestamp NULL DEFAULT NULL
) ENGINE=InnoDB DEFAULT CHARSET=utf8mb4 COLLATE=utf8mb4_unicode_ci;

-- --------------------------------------------------------

--
-- Структура таблиці `personal_access_tokens`
--

CREATE TABLE `personal_access_tokens` (
  `id` bigint(20) UNSIGNED NOT NULL,
  `tokenable_type` varchar(255) COLLATE utf8mb4_unicode_ci NOT NULL,
  `tokenable_id` bigint(20) UNSIGNED NOT NULL,
  `name` varchar(255) COLLATE utf8mb4_unicode_ci NOT NULL,
  `token` varchar(64) COLLATE utf8mb4_unicode_ci NOT NULL,
  `abilities` text COLLATE utf8mb4_unicode_ci DEFAULT NULL,
  `last_used_at` timestamp NULL DEFAULT NULL,
  `expires_at` timestamp NULL DEFAULT NULL,
  `created_at` timestamp NULL DEFAULT NULL,
  `updated_at` timestamp NULL DEFAULT NULL
) ENGINE=InnoDB DEFAULT CHARSET=utf8mb4 COLLATE=utf8mb4_unicode_ci;

-- --------------------------------------------------------

--
-- Структура таблиці `products`
--

CREATE TABLE `products` (
  `id` bigint(20) UNSIGNED NOT NULL,
  `name` varchar(255) COLLATE utf8mb4_unicode_ci NOT NULL,
  `price` decimal(8,2) NOT NULL,
  `stock` int(11) NOT NULL,
  `created_at` timestamp NULL DEFAULT NULL,
  `updated_at` timestamp NULL DEFAULT NULL
) ENGINE=InnoDB DEFAULT CHARSET=utf8mb4 COLLATE=utf8mb4_unicode_ci;

--
-- Дамп даних таблиці `products`
--

INSERT INTO `products` (`id`, `name`, `price`, `stock`, `created_at`, `updated_at`) VALUES
(170, 'Apple iPhone 13 Pro Max', '1099.00', 20, '2024-11-02 16:33:40', '2024-11-03 14:52:06'),
(171, 'Apple iPhone 14 Pro Max', '1099.00', 20, '2024-11-02 16:33:40', '2024-11-02 16:33:40'),
(172, 'Apple iPhone 15 Pro Max', '1099.00', 20, '2024-11-02 16:33:40', '2024-11-02 16:33:40'),
(173, 'Apple iPhone 16 Pro Max', '1099.00', 20, '2024-11-02 16:33:40', '2024-11-02 16:33:40'),
(174, 'Apple iPhone 14 Pro', '1099.00', 20, '2024-11-02 16:33:40', '2024-11-02 16:33:40'),
(175, 'Apple iPhone 15 Pro', '1099.00', 20, '2024-11-02 16:33:40', '2024-11-02 16:33:40'),
(176, 'Apple iPhone 16 Pro', '1099.00', 20, '2024-11-02 16:33:40', '2024-11-02 16:33:40'),
(177, 'Apple iPhone 14', '1099.00', 20, '2024-11-02 16:33:40', '2024-11-02 16:33:40'),
(178, 'Apple iPhone 15', '1099.00', 20, '2024-11-02 16:33:40', '2024-11-02 16:33:40'),
(179, 'Apple iPhone 16', '1099.00', 20, '2024-11-02 16:33:40', '2024-11-02 16:33:40'),
(180, 'Samsung Galaxy S21 Ultra', '999.00', 15, '2024-11-02 16:33:40', '2024-11-02 16:33:40'),
(181, 'Sony PlayStation 5', '499.00', 10, '2024-11-02 16:33:40', '2024-11-02 16:33:40'),
(182, 'Microsoft Xbox Series X', '499.00', 8, '2024-11-02 16:33:40', '2024-11-02 16:33:40'),
(183, 'Apple MacBook Pro 16\"', '2399.00', 5, '2024-11-02 16:33:40', '2024-11-02 16:33:40'),
(184, 'Dell XPS 13 Laptop', '1399.00', 12, '2024-11-02 16:33:40', '2024-11-02 16:33:40'),
(185, 'Apple iPad Pro 12.9\"', '1099.00', 18, '2024-11-02 16:33:40', '2024-11-02 16:33:40'),
(186, 'Samsung Galaxy Tab S7+', '849.00', 14, '2024-11-02 16:33:40', '2024-11-02 16:33:40'),
(187, 'Sony WH-1000XM4 Headphones', '349.00', 20, '2024-11-02 16:33:40', '2024-11-02 16:33:40'),
(188, 'Bose QuietComfort Earbuds', '279.00', 15, '2024-11-02 16:33:40', '2024-11-02 16:33:40'),
(189, 'GoPro HERO9 Black', '399.00', 25, '2024-11-02 16:33:40', '2024-11-02 16:33:40'),
(190, 'Canon EOS R5 Camera', '3899.00', 6, '2024-11-02 16:33:40', '2024-11-02 16:33:40'),
(191, 'Nikon Z6 II Camera', '1999.00', 10, '2024-11-02 16:33:40', '2024-11-02 16:33:40'),
(192, 'Apple Watch Series 7', '399.00', 30, '2024-11-02 16:33:40', '2024-11-02 16:33:40'),
(193, 'Fitbit Charge 5', '179.00', 35, '2024-11-02 16:33:40', '2024-11-02 16:33:40'),
(194, 'Samsung Odyssey G9 Monitor', '1299.00', 7, '2024-11-02 16:33:40', '2024-11-02 16:33:40'),
(195, 'LG UltraFine 4K Monitor', '699.00', 10, '2024-11-02 16:33:40', '2024-11-02 16:33:40'),
(196, 'HP Spectre x360', '1599.00', 10, '2024-11-02 16:33:40', '2024-11-02 16:33:40'),
(197, 'JBL Charge 4 Bluetooth Speaker', '149.00', 40, '2024-11-02 16:33:40', '2024-11-02 16:33:40'),
(198, 'Razer BlackWidow Keyboard', '129.00', 25, '2024-11-02 16:33:40', '2024-11-02 16:33:40'),
(199, 'HyperX Cloud II Headset', '99.00', 50, '2024-11-02 16:33:40', '2024-11-02 16:33:40'),
(200, 'DJI Mavic Air 2', '799.00', 10, '2024-11-02 16:33:40', '2024-11-02 16:33:40'),
(201, 'Canon PIXMA G7020 Printer', '229.00', 30, '2024-11-02 16:33:40', '2024-11-02 16:33:40'),
(202, 'Philips Hue Smart Bulb', '49.00', 75, '2024-11-02 16:33:40', '2024-11-02 16:33:40'),
(203, 'Nest Learning Thermostat', '249.00', 20, '2024-11-02 16:33:40', '2024-11-02 16:33:40'),
(204, 'Roku Ultra 2021', '99.00', 60, '2024-11-02 16:33:40', '2024-11-02 16:33:40'),
(205, 'Apple TV 4K', '179.00', 25, '2024-11-02 16:33:40', '2024-11-02 16:33:40'),
(206, 'Fire TV Stick 4K', '49.00', 80, '2024-11-02 16:33:40', '2024-11-02 16:33:40'),
(207, 'Amazon Echo Show 8', '129.00', 30, '2024-11-02 16:33:40', '2024-11-02 16:33:40'),
(208, 'Google Nest Hub', '99.00', 40, '2024-11-02 16:33:40', '2024-11-02 16:33:40'),
(209, 'Ring Video Doorbell Pro', '249.00', 15, '2024-11-02 16:33:40', '2024-11-02 16:33:40'),
(210, 'Arlo Pro 3 Security Camera', '199.00', 20, '2024-11-02 16:33:40', '2024-11-02 16:33:40'),
(211, 'TP-Link Deco Mesh WiFi System', '179.00', 25, '2024-11-02 16:33:40', '2024-11-02 16:33:40'),
(212, 'Netgear Nighthawk AX12 Router', '499.00', 8, '2024-11-02 16:33:40', '2024-11-02 16:33:40'),
(213, 'Asus ZenWiFi AX6600', '349.00', 12, '2024-11-02 16:33:40', '2024-11-02 16:33:40'),
(214, 'Sony Bravia 65\" 4K TV', '1199.00', 6, '2024-11-02 16:33:40', '2024-11-02 16:33:40'),
(215, 'Samsung QLED 55\" Smart TV', '999.00', 9, '2024-11-02 16:33:40', '2024-11-02 16:33:40'),
(216, 'LG CX OLED 65\" TV', '1499.00', 5, '2024-11-02 16:33:40', '2024-11-02 16:33:40'),
(217, 'Anker PowerCore 10000', '29.00', 60, '2024-11-02 16:33:40', '2024-11-02 16:33:40'),
(218, 'Apple AirPods Pro', '249.00', 30, '2024-11-02 16:33:40', '2024-11-02 16:33:40'),
(219, 'Samsung Galaxy Buds Pro', '199.00', 40, '2024-11-02 16:33:40', '2024-11-02 16:33:40'),
(220, 'Sony WF-1000XM4 Earbuds', '279.00', 25, '2024-11-02 16:33:40', '2024-11-02 16:33:40'),
(221, 'Dell UltraSharp 27 Monitor', '599.00', 10, '2024-11-02 16:33:40', '2024-11-02 16:33:40'),
(222, 'Apple HomePod Mini', '99.00', 50, '2024-11-02 16:33:40', '2024-11-02 16:33:40'),
(223, 'Google Pixel 6 Pro', '899.00', 15, '2024-11-02 16:33:40', '2024-11-02 16:33:40'),
(224, 'OnePlus 9 Pro', '969.00', 12, '2024-11-02 16:33:40', '2024-11-02 16:33:40'),
(225, 'Huawei P40 Pro', '899.00', 10, '2024-11-02 16:33:40', '2024-11-02 16:33:40'),
(226, 'Xiaomi Mi 11 Ultra', '999.00', 8, '2024-11-02 16:33:40', '2024-11-02 16:33:40'),
(227, 'Amazon Kindle Paperwhite', '129.00', 45, '2024-11-02 16:33:40', '2024-11-02 16:33:40'),
(228, 'Garmin Forerunner 945', '599.00', 20, '2024-11-02 16:33:40', '2024-11-02 16:33:40'),
(229, 'Theragun Elite Massager', '399.00', 15, '2024-11-02 16:33:40', '2024-11-02 16:33:40'),
(230, 'Dyson Airwrap Styler', '549.00', 12, '2024-11-02 16:33:40', '2024-11-02 16:33:40'),
(231, 'Instant Pot Duo 7-in-1', '89.00', 40, '2024-11-02 16:33:40', '2024-11-02 16:33:40'),
(232, 'KitchenAid Stand Mixer', '399.00', 18, '2024-11-02 16:33:40', '2024-11-02 16:33:40'),
(233, 'iRobot Roomba 960', '449.00', 15, '2024-11-02 16:33:40', '2024-11-02 16:33:40'),
(234, 'Dyson V11 Cordless Vacuum', '599.00', 10, '2024-11-02 16:33:40', '2024-11-02 16:33:40'),
(235, 'Ninja Foodi Grill', '199.00', 20, '2024-11-02 16:33:40', '2024-11-02 16:33:40'),
(236, 'Philips Sonicare Toothbrush', '89.00', 35, '2024-11-02 16:33:40', '2024-11-02 16:33:40'),
(237, 'Oral-B iO Series 9', '299.00', 20, '2024-11-02 16:33:40', '2024-11-02 16:33:40'),
(238, 'Braun Electric Shaver', '249.00', 25, '2024-11-02 16:33:40', '2024-11-02 16:33:40'),
(239, 'Panasonic Lumix G100', '749.00', 7, '2024-11-02 16:33:40', '2024-11-02 16:33:40'),
(240, 'Fujifilm Instax Mini 11', '69.00', 55, '2024-11-02 16:33:40', '2024-11-02 16:33:40'),
(241, 'Beats Solo3 Headphones', '199.00', 25, '2024-11-02 16:33:40', '2024-11-02 16:33:40'),
(242, 'Skullcandy Crusher Wireless', '149.00', 45, '2024-11-02 16:33:40', '2024-11-02 16:33:40'),
(243, 'Corsair K95 RGB Keyboard', '179.00', 30, '2024-11-02 16:33:40', '2024-11-02 16:33:40'),
(244, 'Logitech MX Master 3 Mouse', '99.00', 50, '2024-11-02 16:33:40', '2024-11-02 16:33:40'),
(245, 'SteelSeries Arctis 7', '149.00', 20, '2024-11-02 16:33:40', '2024-11-02 16:33:40'),
(246, 'Alienware Aurora R12', '2399.00', 5, '2024-11-02 16:33:40', '2024-11-02 16:33:40'),
(247, 'NZXT H510 Case', '69.00', 25, '2024-11-02 16:33:40', '2024-11-02 16:33:40'),
(248, 'AMD Ryzen 7 5800X', '449.00', 10, '2024-11-02 16:33:40', '2024-11-02 16:33:40'),
(249, 'Intel Core i9-11900K', '539.00', 8, '2024-11-02 16:33:40', '2024-11-02 16:33:40'),
(250, 'NVIDIA GeForce RTX 3080', '699.00', 5, '2024-11-02 16:33:40', '2024-11-02 16:33:40'),
(251, 'MSI GeForce GTX 1660', '229.00', 12, '2024-11-02 16:33:40', '2024-11-02 16:33:40'),
(252, 'Western Digital 4TB HDD', '89.00', 30, '2024-11-02 16:33:40', '2024-11-02 16:33:40'),
(253, 'Samsung 970 EVO 1TB SSD', '129.00', 20, '2024-11-02 16:33:40', '2024-11-02 16:33:40'),
(254, 'Crucial Ballistix 16GB RAM', '79.00', 40, '2024-11-02 16:33:40', '2024-11-02 16:33:40'),
(255, 'ASUS ROG Strix 850W PSU', '139.00', 18, '2024-11-02 16:33:40', '2024-11-02 16:33:40'),
(256, 'Razer Viper Ultimate Mouse', '129.00', 35, '2024-11-02 16:33:40', '2024-11-02 16:33:40'),
(257, 'HyperX Alloy FPS Pro', '89.00', 45, '2024-11-02 16:33:40', '2024-11-02 16:33:40'),
(258, 'Samsung T5 Portable SSD 500GB', '89.00', 40, '2024-11-02 16:33:40', '2024-11-02 16:33:40'),
(259, 'Belkin BoostCharge 10K Power Bank', '29.00', 60, '2024-11-02 16:33:40', '2024-11-02 16:33:40'),
(260, 'Mophie 3-in-1 Wireless Charger', '139.00', 20, '2024-11-02 16:33:40', '2024-11-02 16:33:40'),
(261, 'Belkin USB-C Hub', '59.00', 45, '2024-11-02 16:33:40', '2024-11-02 16:33:40'),
(262, 'Anker Soundcore Life Q30', '79.00', 55, '2024-11-02 16:33:40', '2024-11-02 16:33:40'),
(263, 'LG Tone Free FN7 Earbuds', '149.00', 35, '2024-11-02 16:33:40', '2024-11-02 16:33:40'),
(264, 'Sony SRS-XB23 Bluetooth Speaker', '99.00', 45, '2024-11-02 16:33:40', '2024-11-02 16:33:40'),
(265, 'Nikon D750 DSLR Camera', '1499.00', 10, '2024-11-02 16:33:40', '2024-11-02 16:33:40'),
(266, 'Canon Rebel T7', '449.00', 20, '2024-11-02 16:33:40', '2024-11-02 16:33:40'),
(267, 'Olympus OM-D E-M10 Mark IV', '699.00', 8, '2024-11-02 16:33:40', '2024-11-02 16:33:40'),
(268, 'Apple Magic Keyboard', '99.00', 25, '2024-11-02 16:33:40', '2024-11-02 16:33:40'),
(269, 'Logitech C920 Webcam', '69.00', 40, '2024-11-02 16:33:40', '2024-11-02 16:33:40'),
(270, 'Elgato Stream Deck', '149.00', 30, '2024-11-02 16:33:40', '2024-11-02 16:33:40'),
(271, 'Shure MV7 Microphone', '249.00', 15, '2024-11-02 16:33:40', '2024-11-02 16:33:40');

-- --------------------------------------------------------

--
-- Структура таблиці `products_tags`
--

CREATE TABLE `products_tags` (
  `products_id` bigint(20) UNSIGNED NOT NULL,
  `tags_id` bigint(20) UNSIGNED NOT NULL
) ENGINE=InnoDB DEFAULT CHARSET=utf8mb4 COLLATE=utf8mb4_unicode_ci;

--
-- Дамп даних таблиці `products_tags`
--

INSERT INTO `products_tags` (`products_id`, `tags_id`) VALUES
(170, 1),
(170, 2),
(170, 3),
(171, 10),
(171, 14),
(171, 18),
(171, 26),
(171, 49),
(171, 72),
(171, 91),
(171, 92),
(171, 99),
(172, 25),
(172, 35),
(172, 42),
(172, 46),
(172, 52),
(172, 63),
(172, 65),
(172, 73),
(172, 78),
(172, 93),
(172, 103),
(173, 12),
(173, 21),
(173, 22),
(173, 25),
(173, 27),
(173, 33),
(173, 38),
(173, 85),
(173, 91),
(173, 97),
(174, 26),
(174, 28),
(174, 76),
(175, 44),
(175, 47),
(175, 64),
(175, 94),
(175, 96),
(175, 99),
(176, 8),
(176, 47),
(176, 59),
(176, 74),
(176, 75),
(176, 78),
(176, 81),
(176, 85),
(177, 5),
(177, 6),
(177, 27),
(177, 29),
(177, 52),
(177, 67),
(177, 92),
(177, 93),
(177, 96),
(177, 99),
(177, 101),
(177, 102),
(178, 10),
(178, 25),
(178, 31),
(178, 38),
(178, 39),
(178, 51),
(178, 69),
(178, 85),
(179, 8),
(179, 14),
(179, 17),
(179, 25),
(179, 32),
(179, 41),
(179, 47),
(179, 67),
(179, 73),
(179, 76),
(179, 92),
(179, 95),
(180, 16),
(180, 44),
(180, 88),
(180, 96),
(181, 3),
(181, 78),
(181, 88),
(181, 101),
(181, 102),
(182, 3),
(182, 16),
(182, 76),
(182, 88),
(183, 22),
(183, 23),
(183, 65),
(184, 19),
(184, 21),
(184, 33),
(184, 47),
(184, 48),
(184, 56),
(184, 75),
(184, 89),
(184, 92),
(184, 96),
(185, 16),
(186, 2),
(186, 6),
(186, 41),
(186, 48),
(186, 74),
(186, 91),
(186, 95),
(187, 13),
(187, 28),
(187, 51),
(187, 54),
(187, 92),
(187, 94),
(187, 98),
(188, 26),
(188, 35),
(188, 39),
(188, 50),
(188, 52),
(188, 59),
(188, 65),
(189, 25),
(189, 28),
(189, 38),
(189, 46),
(189, 56),
(189, 60),
(189, 67),
(189, 68),
(189, 87),
(189, 92),
(190, 3),
(190, 11),
(190, 17),
(190, 45),
(190, 65),
(190, 72),
(190, 97),
(191, 57),
(192, 18),
(192, 26),
(192, 38),
(192, 39),
(192, 42),
(192, 45),
(192, 52),
(192, 88),
(193, 10),
(193, 13),
(193, 30),
(193, 55),
(193, 58),
(193, 59),
(193, 80),
(193, 81),
(193, 84),
(193, 103),
(194, 3),
(194, 6),
(194, 19),
(194, 66),
(194, 71),
(194, 79),
(194, 84),
(195, 12),
(195, 39),
(196, 19),
(196, 22),
(196, 32),
(196, 45),
(196, 66),
(196, 91),
(196, 102),
(197, 17),
(197, 58),
(197, 62),
(197, 65),
(197, 67),
(197, 70),
(197, 82),
(198, 4),
(198, 24),
(198, 29),
(198, 67),
(198, 98),
(199, 10),
(199, 89),
(199, 92),
(200, 15),
(200, 19),
(200, 24),
(200, 34),
(200, 38),
(200, 49),
(200, 51),
(200, 68),
(200, 85),
(200, 86),
(200, 93),
(201, 13),
(201, 18),
(201, 21),
(201, 25),
(201, 27),
(201, 45),
(201, 56),
(201, 58),
(201, 61),
(201, 72),
(201, 101),
(202, 17),
(202, 82),
(203, 30),
(203, 37),
(203, 45),
(203, 72),
(203, 100),
(204, 8),
(204, 12),
(204, 14),
(204, 26),
(204, 32),
(204, 46),
(204, 59),
(204, 60),
(204, 62),
(204, 63),
(204, 74),
(204, 88),
(205, 60),
(205, 83),
(205, 101),
(206, 20),
(206, 71),
(206, 73),
(206, 89),
(206, 101),
(207, 21),
(207, 43),
(207, 44),
(207, 57),
(207, 62),
(207, 66),
(207, 76),
(208, 10),
(208, 11),
(208, 64),
(208, 75),
(208, 88),
(209, 8),
(209, 9),
(209, 19),
(209, 23),
(209, 30),
(209, 54),
(209, 69),
(209, 79),
(209, 92),
(209, 102),
(210, 39),
(210, 66),
(210, 72),
(210, 78),
(211, 13),
(211, 16),
(211, 29),
(211, 31),
(211, 33),
(211, 56),
(211, 69),
(211, 70),
(211, 74),
(211, 83),
(211, 90),
(211, 94),
(212, 1),
(212, 8),
(212, 10),
(212, 16),
(212, 23),
(212, 32),
(212, 56),
(212, 58),
(212, 74),
(212, 83),
(212, 84),
(212, 97),
(213, 8),
(213, 30),
(213, 32),
(213, 49),
(213, 51),
(213, 75),
(213, 95),
(214, 10),
(214, 48),
(214, 58),
(215, 7),
(215, 15),
(215, 21),
(215, 28),
(215, 29),
(215, 46),
(215, 51),
(215, 87),
(215, 100),
(216, 8),
(216, 13),
(216, 23),
(216, 33),
(216, 35),
(216, 42),
(216, 52),
(216, 53),
(216, 70),
(216, 76),
(216, 102),
(217, 29),
(217, 42),
(217, 59),
(217, 88),
(218, 19),
(218, 60),
(218, 67),
(218, 72),
(218, 76),
(218, 89),
(219, 27),
(219, 43),
(219, 57),
(219, 58),
(219, 73),
(219, 95),
(219, 99),
(219, 101),
(220, 17),
(220, 36),
(220, 45),
(220, 64),
(220, 74),
(220, 79),
(220, 85),
(220, 87),
(220, 96),
(221, 7),
(221, 10),
(221, 23),
(221, 29),
(221, 48),
(221, 62),
(221, 63),
(221, 74),
(221, 75),
(221, 83),
(221, 99),
(222, 21),
(222, 71),
(223, 5),
(223, 20),
(223, 27),
(223, 40),
(223, 48),
(223, 50),
(223, 60),
(223, 70),
(223, 85),
(223, 100),
(224, 49),
(224, 68),
(225, 36),
(225, 40),
(225, 78),
(225, 83),
(225, 95),
(225, 96),
(226, 6),
(226, 8),
(226, 9),
(226, 14),
(226, 15),
(226, 25),
(226, 32),
(226, 38),
(226, 77),
(226, 83),
(227, 18),
(227, 54),
(227, 58),
(228, 10),
(228, 21),
(228, 23),
(228, 26),
(228, 44),
(228, 51),
(228, 62),
(228, 70),
(228, 82),
(228, 89),
(228, 103),
(229, 1),
(229, 2),
(229, 41),
(229, 62),
(229, 75),
(230, 58),
(230, 97),
(231, 3),
(231, 19),
(231, 57),
(231, 63),
(231, 99),
(232, 1),
(232, 2),
(232, 17),
(232, 21),
(232, 37),
(232, 46),
(232, 48),
(232, 62),
(232, 70),
(232, 87),
(232, 95),
(233, 20),
(233, 57),
(233, 60),
(233, 82),
(233, 84),
(234, 22),
(234, 28),
(234, 39),
(234, 65),
(234, 72),
(234, 99),
(235, 17),
(235, 18),
(235, 69),
(236, 4),
(236, 8),
(236, 21),
(236, 44),
(236, 59),
(236, 90),
(236, 100),
(237, 9),
(237, 23),
(237, 25),
(237, 26),
(237, 33),
(237, 38),
(237, 65),
(237, 86),
(238, 26),
(239, 24),
(239, 26),
(239, 83),
(239, 94),
(240, 9),
(240, 20),
(240, 50),
(240, 65),
(240, 67),
(240, 82),
(241, 14),
(241, 29),
(241, 44),
(241, 55),
(241, 74),
(241, 87),
(241, 98),
(242, 6),
(242, 9),
(242, 19),
(242, 22),
(242, 35),
(242, 50),
(242, 69),
(242, 80),
(242, 103),
(243, 8),
(243, 9),
(243, 63),
(243, 68),
(244, 68),
(244, 98),
(245, 40),
(245, 53),
(245, 85),
(246, 53),
(246, 55),
(246, 82),
(247, 2),
(247, 14),
(247, 77),
(247, 86),
(248, 1),
(248, 45),
(248, 72),
(248, 89),
(248, 102),
(249, 4),
(249, 10),
(249, 11),
(249, 18),
(249, 56),
(249, 67),
(249, 70),
(249, 85),
(249, 90),
(249, 92),
(249, 97),
(249, 103),
(250, 93),
(251, 9),
(251, 22),
(251, 31),
(251, 33),
(251, 73),
(251, 77),
(251, 88),
(251, 102),
(252, 20),
(252, 34),
(252, 40),
(252, 50),
(252, 75),
(252, 77),
(252, 80),
(252, 83),
(252, 85),
(252, 90),
(252, 97),
(252, 100),
(253, 8),
(253, 12),
(253, 33),
(253, 49),
(253, 51),
(253, 71),
(253, 82),
(253, 90),
(254, 8),
(254, 15),
(254, 26),
(254, 27),
(254, 34),
(254, 49),
(254, 58),
(254, 65),
(254, 81),
(254, 90),
(254, 98),
(255, 29),
(255, 61),
(256, 7),
(256, 8),
(256, 45),
(256, 54),
(256, 62),
(256, 99),
(256, 100),
(257, 8),
(257, 21),
(258, 4),
(258, 20),
(258, 48),
(258, 55),
(258, 58),
(258, 72),
(258, 77),
(258, 78),
(258, 103),
(259, 76),
(259, 88),
(260, 16),
(260, 48),
(260, 55),
(260, 58),
(260, 81),
(260, 92),
(260, 93),
(260, 95),
(260, 101),
(261, 16),
(261, 45),
(261, 76),
(261, 81),
(261, 87),
(261, 90),
(261, 100),
(262, 15),
(262, 21),
(262, 25),
(262, 28),
(262, 63),
(262, 70),
(262, 75),
(262, 76),
(262, 88),
(262, 90),
(262, 102),
(263, 18),
(263, 22),
(263, 25),
(263, 41),
(263, 71),
(263, 79),
(264, 2),
(264, 18),
(264, 22),
(264, 44),
(264, 85),
(264, 101),
(265, 10),
(265, 22),
(265, 27),
(265, 90),
(266, 13),
(266, 20),
(266, 24),
(266, 35),
(266, 48),
(266, 56),
(266, 64),
(266, 72),
(266, 91),
(266, 102),
(267, 3),
(267, 19),
(267, 20),
(267, 26),
(267, 28),
(267, 44),
(267, 47),
(267, 58),
(267, 69),
(268, 1),
(268, 6),
(268, 8),
(268, 19),
(268, 29),
(268, 34),
(268, 42),
(268, 51),
(268, 70),
(269, 6),
(269, 35),
(269, 40),
(269, 50),
(269, 54),
(269, 92),
(269, 96),
(270, 19),
(270, 20),
(270, 48),
(270, 58),
(270, 61),
(270, 63),
(270, 68),
(270, 77),
(270, 87),
(270, 95),
(271, 50);

-- --------------------------------------------------------

--
-- Структура таблиці `tags`
--

CREATE TABLE `tags` (
  `id` bigint(20) UNSIGNED NOT NULL,
  `name` varchar(255) COLLATE utf8mb4_unicode_ci NOT NULL,
  `created_at` timestamp NULL DEFAULT NULL,
  `updated_at` timestamp NULL DEFAULT NULL
) ENGINE=InnoDB DEFAULT CHARSET=utf8mb4 COLLATE=utf8mb4_unicode_ci;

--
-- Дамп даних таблиці `tags`
--

INSERT INTO `tags` (`id`, `name`, `created_at`, `updated_at`) VALUES
(1, 'Electronics', '2024-11-02 16:56:14', '2024-11-03 15:32:09'),
(2, 'Smartphones', '2024-11-02 16:56:14', '2024-11-02 16:56:14'),
(3, 'Laptops', '2024-11-02 16:56:14', '2024-11-02 16:56:14'),
(4, 'Tablets', '2024-11-02 16:56:14', '2024-11-02 16:56:14'),
(5, 'Gaming', '2024-11-02 16:56:14', '2024-11-02 16:56:14'),
(6, 'Cameras', '2024-11-02 16:56:14', '2024-11-02 16:56:14'),
(7, 'Headphones', '2024-11-02 16:56:14', '2024-11-02 16:56:14'),
(8, 'Wearables', '2024-11-02 16:56:14', '2024-11-02 16:56:14'),
(9, 'Smart Home', '2024-11-02 16:56:14', '2024-11-02 16:56:14'),
(10, 'Printers', '2024-11-02 16:56:14', '2024-11-02 16:56:14'),
(11, 'Networking', '2024-11-02 16:56:14', '2024-11-02 16:56:14'),
(12, 'TVs', '2024-11-02 16:56:14', '2024-11-02 16:56:14'),
(13, 'Monitors', '2024-11-02 16:56:14', '2024-11-02 16:56:14'),
(14, 'Audio', '2024-11-02 16:56:14', '2024-11-02 16:56:14'),
(15, 'Bluetooth Speakers', '2024-11-02 16:56:14', '2024-11-02 16:56:14'),
(16, 'Kitchen Appliances', '2024-11-02 16:56:14', '2024-11-02 16:56:14'),
(17, 'Health & Wellness', '2024-11-02 16:56:14', '2024-11-02 16:56:14'),
(18, 'Personal Care', '2024-11-02 16:56:14', '2024-11-02 16:56:14'),
(19, 'Home Office', '2024-11-02 16:56:14', '2024-11-02 16:56:14'),
(20, 'Fitness', '2024-11-02 16:56:14', '2024-11-02 16:56:14'),
(21, 'Photography', '2024-11-02 16:56:14', '2024-11-02 16:56:14'),
(22, 'Video Recording', '2024-11-02 16:56:14', '2024-11-02 16:56:14'),
(23, 'Drones', '2024-11-02 16:56:14', '2024-11-02 16:56:14'),
(24, 'Storage', '2024-11-02 16:56:14', '2024-11-02 16:56:14'),
(25, 'Chargers', '2024-11-02 16:56:14', '2024-11-02 16:56:14'),
(26, 'Power Banks', '2024-11-02 16:56:14', '2024-11-02 16:56:14'),
(27, 'Accessories', '2024-11-02 16:56:14', '2024-11-02 16:56:14'),
(28, 'Keyboards', '2024-11-02 16:56:14', '2024-11-02 16:56:14'),
(29, 'Mice', '2024-11-02 16:56:14', '2024-11-02 16:56:14'),
(30, 'Webcams', '2024-11-02 16:56:14', '2024-11-02 16:56:14'),
(31, 'Microphones', '2024-11-02 16:56:14', '2024-11-02 16:56:14'),
(32, 'Computer Components', '2024-11-02 16:56:14', '2024-11-02 16:56:14'),
(33, 'Motherboards', '2024-11-02 16:56:14', '2024-11-02 16:56:14'),
(34, 'Graphics Cards', '2024-11-02 16:56:14', '2024-11-02 16:56:14'),
(35, 'Processors', '2024-11-02 16:56:14', '2024-11-02 16:56:14'),
(36, 'SSD', '2024-11-02 16:56:14', '2024-11-02 16:56:14'),
(37, 'HDD', '2024-11-02 16:56:14', '2024-11-02 16:56:14'),
(38, 'Memory', '2024-11-02 16:56:14', '2024-11-02 16:56:14'),
(39, 'Routers', '2024-11-02 16:56:14', '2024-11-02 16:56:14'),
(40, 'Smartwatches', '2024-11-02 16:56:14', '2024-11-02 16:56:14'),
(41, 'Earbuds', '2024-11-02 16:56:14', '2024-11-02 16:56:14'),
(42, 'Noise-Canceling', '2024-11-02 16:56:15', '2024-11-02 16:56:15'),
(43, 'Gaming Consoles', '2024-11-02 16:56:15', '2024-11-02 16:56:15'),
(44, 'Fitness Trackers', '2024-11-02 16:56:15', '2024-11-02 16:56:15'),
(45, 'Smart Lights', '2024-11-02 16:56:15', '2024-11-02 16:56:15'),
(46, 'Streaming Devices', '2024-11-02 16:56:15', '2024-11-02 16:56:15'),
(47, 'Security Cameras', '2024-11-02 16:56:15', '2024-11-02 16:56:15'),
(48, 'Bluetooth', '2024-11-02 16:56:15', '2024-11-02 16:56:15'),
(49, 'USB-C', '2024-11-02 16:56:15', '2024-11-02 16:56:15'),
(50, '4K', '2024-11-02 16:56:15', '2024-11-02 16:56:15'),
(51, '5G', '2024-11-02 16:56:15', '2024-11-02 16:56:15'),
(52, 'Ultra HD', '2024-11-02 16:56:15', '2024-11-02 16:56:15'),
(53, 'Fast Charging', '2024-11-02 16:56:15', '2024-11-02 16:56:15'),
(54, 'Portable', '2024-11-02 16:56:15', '2024-11-02 16:56:15'),
(55, 'Travel', '2024-11-02 16:56:15', '2024-11-02 16:56:15'),
(56, 'Outdoor', '2024-11-02 16:56:15', '2024-11-02 16:56:15'),
(57, 'Professional', '2024-11-02 16:56:15', '2024-11-02 16:56:15'),
(58, 'Photo Editing', '2024-11-02 16:56:15', '2024-11-02 16:56:15'),
(59, 'Video Editing', '2024-11-02 16:56:15', '2024-11-02 16:56:15'),
(60, 'Content Creation', '2024-11-02 16:56:15', '2024-11-02 16:56:15'),
(61, 'Live Streaming', '2024-11-02 16:56:15', '2024-11-02 16:56:15'),
(62, 'Gaming Accessories', '2024-11-02 16:56:15', '2024-11-02 16:56:15'),
(63, 'Home Entertainment', '2024-11-02 16:56:15', '2024-11-02 16:56:15'),
(64, 'Smart Displays', '2024-11-02 16:56:15', '2024-11-02 16:56:15'),
(65, 'Voice Assistants', '2024-11-02 16:56:15', '2024-11-02 16:56:15'),
(66, 'Eco-Friendly', '2024-11-02 16:56:15', '2024-11-02 16:56:15'),
(67, 'Rechargeable', '2024-11-02 16:56:15', '2024-11-02 16:56:15'),
(68, 'Wireless', '2024-11-02 16:56:15', '2024-11-02 16:56:15'),
(69, 'Multi-Device', '2024-11-02 16:56:15', '2024-11-02 16:56:15'),
(70, 'High-Resolution', '2024-11-02 16:56:15', '2024-11-02 16:56:15'),
(71, 'Waterproof', '2024-11-02 16:56:15', '2024-11-02 16:56:15'),
(72, 'Compact', '2024-11-02 16:56:15', '2024-11-02 16:56:15'),
(73, 'Lightweight', '2024-11-02 16:56:15', '2024-11-02 16:56:15'),
(74, 'Noise Isolation', '2024-11-02 16:56:15', '2024-11-02 16:56:15'),
(75, 'Bass Boost', '2024-11-02 16:56:15', '2024-11-02 16:56:15'),
(76, 'All-in-One', '2024-11-02 16:56:15', '2024-11-02 16:56:15'),
(77, 'Touchscreen', '2024-11-02 16:56:15', '2024-11-02 16:56:15'),
(78, 'Durable', '2024-11-02 16:56:15', '2024-11-02 16:56:15'),
(79, 'Fashion', '2024-11-02 16:56:15', '2024-11-02 16:56:15'),
(80, 'Luxury', '2024-11-02 16:56:15', '2024-11-02 16:56:15'),
(81, 'Affordable', '2024-11-02 16:56:15', '2024-11-02 16:56:15'),
(82, 'Productivity', '2024-11-02 16:56:15', '2024-11-02 16:56:15'),
(83, 'Educational', '2024-11-02 16:56:15', '2024-11-02 16:56:15'),
(84, 'Kids', '2024-11-02 16:56:15', '2024-11-02 16:56:15'),
(85, 'Home Security', '2024-11-02 16:56:15', '2024-11-02 16:56:15'),
(86, 'Fitness Goals', '2024-11-02 16:56:15', '2024-11-02 16:56:15'),
(87, 'Health Tracking', '2024-11-02 16:56:15', '2024-11-02 16:56:15'),
(88, 'Photo Printing', '2024-11-02 16:56:15', '2024-11-02 16:56:15'),
(89, '3D Printing', '2024-11-02 16:56:15', '2024-11-02 16:56:15'),
(90, 'Vlogging', '2024-11-02 16:56:15', '2024-11-02 16:56:15'),
(91, 'Podcasting', '2024-11-02 16:56:15', '2024-11-02 16:56:15'),
(92, 'Mobile Photography', '2024-11-02 16:56:15', '2024-11-02 16:56:15'),
(93, 'Thermostats', '2024-11-02 16:56:15', '2024-11-02 16:56:15'),
(94, 'Electric Shavers', '2024-11-02 16:56:15', '2024-11-02 16:56:15'),
(95, 'Air Purifiers', '2024-11-02 16:56:15', '2024-11-02 16:56:15'),
(96, 'Vacuum Cleaners', '2024-11-02 16:56:15', '2024-11-02 16:56:15'),
(97, 'Food Processors', '2024-11-02 16:56:15', '2024-11-02 16:56:15'),
(98, 'Instant Cooking', '2024-11-02 16:56:15', '2024-11-02 16:56:15'),
(99, 'Energy Efficient', '2024-11-02 16:56:15', '2024-11-02 16:56:15'),
(100, 'Office Supplies', '2024-11-02 16:56:15', '2024-11-02 16:56:15'),
(101, 'Ergonomic', '2024-11-02 16:56:15', '2024-11-02 16:56:15'),
(102, 'Adjustable', '2024-11-02 16:56:15', '2024-11-02 16:56:15'),
(103, 'Expandable', '2024-11-02 16:56:15', '2024-11-02 16:56:15');

-- --------------------------------------------------------

--
-- Структура таблиці `users`
--

CREATE TABLE `users` (
  `id` bigint(20) UNSIGNED NOT NULL,
  `name` varchar(255) COLLATE utf8mb4_unicode_ci NOT NULL,
  `email` varchar(255) COLLATE utf8mb4_unicode_ci NOT NULL,
  `email_verified_at` timestamp NULL DEFAULT NULL,
  `password` varchar(255) COLLATE utf8mb4_unicode_ci NOT NULL,
  `remember_token` varchar(100) COLLATE utf8mb4_unicode_ci DEFAULT NULL,
  `created_at` timestamp NULL DEFAULT NULL,
  `updated_at` timestamp NULL DEFAULT NULL
) ENGINE=InnoDB DEFAULT CHARSET=utf8mb4 COLLATE=utf8mb4_unicode_ci;

--
-- Дамп даних таблиці `users`
--

INSERT INTO `users` (`id`, `name`, `email`, `email_verified_at`, `password`, `remember_token`, `created_at`, `updated_at`) VALUES
(1, 'TEST', 'user@gmail.com', '2024-11-01 09:15:52', '$2y$12$zalDu6nkCP4dD1LWWfAStOYRABVy7J5YrxNQF7GLaSFr2tkEhxJji', NULL, '2024-11-01 09:15:52', '2024-11-01 09:15:52');

--
-- Індекси збережених таблиць
--

--
-- Індекси таблиці `categories`
--
ALTER TABLE `categories`
  ADD PRIMARY KEY (`id`),
  ADD KEY `categories_parent_foreign` (`parent`);

--
-- Індекси таблиці `category_product`
--
ALTER TABLE `category_product`
  ADD PRIMARY KEY (`products_id`,`categories_id`),
  ADD KEY `category_product_categories_id_foreign` (`categories_id`);

--
-- Індекси таблиці `failed_jobs`
--
ALTER TABLE `failed_jobs`
  ADD PRIMARY KEY (`id`),
  ADD UNIQUE KEY `failed_jobs_uuid_unique` (`uuid`);

--
-- Індекси таблиці `migrations`
--
ALTER TABLE `migrations`
  ADD PRIMARY KEY (`id`);

--
-- Індекси таблиці `password_reset_tokens`
--
ALTER TABLE `password_reset_tokens`
  ADD PRIMARY KEY (`email`);

--
-- Індекси таблиці `personal_access_tokens`
--
ALTER TABLE `personal_access_tokens`
  ADD PRIMARY KEY (`id`),
  ADD UNIQUE KEY `personal_access_tokens_token_unique` (`token`),
  ADD KEY `personal_access_tokens_tokenable_type_tokenable_id_index` (`tokenable_type`,`tokenable_id`);

--
-- Індекси таблиці `products`
--
ALTER TABLE `products`
  ADD PRIMARY KEY (`id`);

--
-- Індекси таблиці `products_tags`
--
ALTER TABLE `products_tags`
  ADD PRIMARY KEY (`products_id`,`tags_id`),
  ADD KEY `products_tags_tags_id_foreign` (`tags_id`);

--
-- Індекси таблиці `tags`
--
ALTER TABLE `tags`
  ADD PRIMARY KEY (`id`);

--
-- Індекси таблиці `users`
--
ALTER TABLE `users`
  ADD PRIMARY KEY (`id`),
  ADD UNIQUE KEY `users_email_unique` (`email`);

--
-- AUTO_INCREMENT для збережених таблиць
--

--
-- AUTO_INCREMENT для таблиці `categories`
--
ALTER TABLE `categories`
  MODIFY `id` bigint(20) UNSIGNED NOT NULL AUTO_INCREMENT, AUTO_INCREMENT=32;

--
-- AUTO_INCREMENT для таблиці `failed_jobs`
--
ALTER TABLE `failed_jobs`
  MODIFY `id` bigint(20) UNSIGNED NOT NULL AUTO_INCREMENT;

--
-- AUTO_INCREMENT для таблиці `migrations`
--
ALTER TABLE `migrations`
  MODIFY `id` int(10) UNSIGNED NOT NULL AUTO_INCREMENT, AUTO_INCREMENT=13;

--
-- AUTO_INCREMENT для таблиці `personal_access_tokens`
--
ALTER TABLE `personal_access_tokens`
  MODIFY `id` bigint(20) UNSIGNED NOT NULL AUTO_INCREMENT;

--
-- AUTO_INCREMENT для таблиці `products`
--
ALTER TABLE `products`
  MODIFY `id` bigint(20) UNSIGNED NOT NULL AUTO_INCREMENT, AUTO_INCREMENT=273;

--
-- AUTO_INCREMENT для таблиці `tags`
--
ALTER TABLE `tags`
  MODIFY `id` bigint(20) UNSIGNED NOT NULL AUTO_INCREMENT, AUTO_INCREMENT=105;

--
-- AUTO_INCREMENT для таблиці `users`
--
ALTER TABLE `users`
  MODIFY `id` bigint(20) UNSIGNED NOT NULL AUTO_INCREMENT, AUTO_INCREMENT=2;

--
-- Обмеження зовнішнього ключа збережених таблиць
--

--
-- Обмеження зовнішнього ключа таблиці `categories`
--
ALTER TABLE `categories`
  ADD CONSTRAINT `categories_parent_foreign` FOREIGN KEY (`parent`) REFERENCES `categories` (`id`) ON DELETE CASCADE;

--
-- Обмеження зовнішнього ключа таблиці `category_product`
--
ALTER TABLE `category_product`
  ADD CONSTRAINT `category_product_categories_id_foreign` FOREIGN KEY (`categories_id`) REFERENCES `categories` (`id`) ON DELETE CASCADE,
  ADD CONSTRAINT `category_product_products_id_foreign` FOREIGN KEY (`products_id`) REFERENCES `products` (`id`) ON DELETE CASCADE;

--
-- Обмеження зовнішнього ключа таблиці `products_tags`
--
ALTER TABLE `products_tags`
  ADD CONSTRAINT `products_tags_products_id_foreign` FOREIGN KEY (`products_id`) REFERENCES `products` (`id`) ON DELETE CASCADE,
  ADD CONSTRAINT `products_tags_tags_id_foreign` FOREIGN KEY (`tags_id`) REFERENCES `tags` (`id`) ON DELETE CASCADE;
COMMIT;

/*!40101 SET CHARACTER_SET_CLIENT=@OLD_CHARACTER_SET_CLIENT */;
/*!40101 SET CHARACTER_SET_RESULTS=@OLD_CHARACTER_SET_RESULTS */;
/*!40101 SET COLLATION_CONNECTION=@OLD_COLLATION_CONNECTION */;
